,model_name,acc_train,roc_train,f1_train,mcc_train,acc_test,f1_test,roc_test,mcc_test
0,xgb - no tuning,0.915626686376449,0.9137079862495993,0.9296773004193701,0.8243730442625037,0.9050942470744867,0.9228473124159774,0.9003859713922834,0.7995948749162255
1,catboost - no tuning,0.910626196183822,0.9085965666185662,0.9255545493652013,0.8139214860131094,0.9062434307336557,0.9238907849829352,0.9018822809166878,0.8018787237113214
2,cb_optimized,0.9107952435341354,0.9087377711512847,0.9256819276405085,0.8143028970382128,0.9061593441244482,0.9238138582318808,0.9017704859966043,0.8017119549305104
3,cb_base,0.910129562542481,0.9080959943400018,0.9251487482965803,0.8129017001889713,0.9062434307336557,0.9238907849829352,0.9018822809166878,0.8018787237113214
